{
  "execPath": "/home/sergio/.platformio/packages/toolchain-xtensa/bin/xtensa-lx106-elf-g++",
  "gccDefaultCFlags": "-fsyntax-only -std=gnu99 -Wpointer-arith -Wno-implicit-function-declaration -Wl,-EL -fno-inline-functions -nostdlib -Os -mlongcalls -mtext-section-literals -falign-functions=4 -U__STRICT_ANSI__ -ffunction-sections -fdata-sections -Wall -DPLATFORMIO=30602 -DESP8266 -DARDUINO_ARCH_ESP8266 -DESP8266_WEMOS_D1MINI -DF_CPU=80000000L -D__ets__ -DICACHE_FLASH -DARDUINO=10805 -DARDUINO_BOARD=\"PLATFORMIO_D1_MINI\" -DLWIP_OPEN_SRC -DVTABLES_IN_FLASH",
  "gccDefaultCppFlags": "-fsyntax-only -fno-rtti -fno-exceptions -std=c++11 -Os -mlongcalls -mtext-section-literals -falign-functions=4 -U__STRICT_ANSI__ -ffunction-sections -fdata-sections -Wall -DPLATFORMIO=30602 -DESP8266 -DARDUINO_ARCH_ESP8266 -DESP8266_WEMOS_D1MINI -DF_CPU=80000000L -D__ets__ -DICACHE_FLASH -DARDUINO=10805 -DARDUINO_BOARD=\"PLATFORMIO_D1_MINI\" -DLWIP_OPEN_SRC -DVTABLES_IN_FLASH",
  "gccErrorLimit": 15,
  "gccIncludePaths": "/home/sergio/.platformio/packages/framework-arduinoespressif8266/tools/sdk/include,/home/sergio/.platformio/packages/framework-arduinoespressif8266/tools/sdk/libc/xtensa-lx106-elf/include,/home/sergio/.platformio/packages/framework-arduinoespressif8266/cores/esp8266,/home/sergio/.platformio/packages/framework-arduinoespressif8266/tools/sdk/lwip/include,/home/sergio/.platformio/packages/framework-arduinoespressif8266/variants/d1_mini,/home/sergio/.platformio/lib/SparkFun_MAX3010x_Sensor_Library/src,/home/sergio/.platformio/packages/framework-arduinoespressif8266/libraries/ESP8266WiFi/src,/home/sergio/.platformio/packages/framework-arduinoespressif8266/libraries/Wire,/home/sergio/.platformio/lib/ACS712 Current Sensor_ID1601/src,/home/sergio/.platformio/lib/ADS1115,/home/sergio/.platformio/lib/Adafruit BMP085 Library_ID525,/home/sergio/.platformio/lib/Adafruit GFX Library_ID13,/home/sergio/.platformio/lib/Adafruit Unified Sensor_ID31,/home/sergio/.platformio/lib/Adafruit_ADS1X15,/home/sergio/.platformio/lib/Adafruit_SSD1306,/home/sergio/.platformio/lib/ArduinoJson_ID64/src,/home/sergio/.platformio/lib/BME280/src,/home/sergio/.platformio/lib/Blynk_ID415/src,/home/sergio/.platformio/lib/Bounce2_ID1106/src,/home/sergio/.platformio/lib/CircularBuffer,/home/sergio/.platformio/lib/DHT_ID1671,/home/sergio/.platformio/lib/DallasTemperature_ID54,/home/sergio/.platformio/lib/DisplayCore_ID1024,/home/sergio/.platformio/lib/ESP8266_HardwareTimer_Interrupt,/home/sergio/.platformio/lib/Filters-master,/home/sergio/.platformio/lib/I2Cdevlib-ADS1115_ID95,/home/sergio/.platformio/lib/I2Cdevlib-Core_ID11,/home/sergio/.platformio/lib/IRremote_ID4,/home/sergio/.platformio/lib/Int64String/src,/home/sergio/.platformio/lib/LinearRegressino,/home/sergio/.platformio/lib/LiquidCrystal_I2C_ID576,/home/sergio/.platformio/lib/OneWire_ID1,/home/sergio/.platformio/lib/Plotter_ID850,/home/sergio/.platformio/lib/PubSubClient_ID89/src,/home/sergio/.platformio/lib/Pulse_MAX30102,/home/sergio/.platformio/lib/QuickStats,/home/sergio/.platformio/lib/SSD1306_ID1134,/home/sergio/.platformio/lib/TimerThree,/home/sergio/.platformio/lib/TinyGPS_ID416,/home/sergio/.platformio/lib/U8g2_ID942/src,/home/sergio/.platformio/lib/U8glib_ID7/src,/home/sergio/.platformio/lib/tinySPI_ID2971/src,/home/sergio/.platformio/packages/framework-arduinoespressif8266/libraries/ArduinoOTA,/home/sergio/.platformio/packages/framework-arduinoespressif8266/libraries/DNSServer/src,/home/sergio/.platformio/packages/framework-arduinoespressif8266/libraries/EEPROM,/home/sergio/.platformio/packages/framework-arduinoespressif8266/libraries/ESP8266AVRISP/src,/home/sergio/.platformio/packages/framework-arduinoespressif8266/libraries/ESP8266HTTPClient/src,/home/sergio/.platformio/packages/framework-arduinoespressif8266/libraries/ESP8266HTTPUpdateServer/src,/home/sergio/.platformio/packages/framework-arduinoespressif8266/libraries/ESP8266LLMNR,/home/sergio/.platformio/packages/framework-arduinoespressif8266/libraries/ESP8266NetBIOS,/home/sergio/.platformio/packages/framework-arduinoespressif8266/libraries/ESP8266SSDP,/home/sergio/.platformio/packages/framework-arduinoespressif8266/libraries/ESP8266WebServer/src,/home/sergio/.platformio/packages/framework-arduinoespressif8266/libraries/ESP8266WiFiMesh/src,/home/sergio/.platformio/packages/framework-arduinoespressif8266/libraries/ESP8266httpUpdate/src,/home/sergio/.platformio/packages/framework-arduinoespressif8266/libraries/ESP8266mDNS,/home/sergio/.platformio/packages/framework-arduinoespressif8266/libraries/Ethernet/src,/home/sergio/.platformio/packages/framework-arduinoespressif8266/libraries/GDBStub/src,/home/sergio/.platformio/packages/framework-arduinoespressif8266/libraries/Hash/src,/home/sergio/.platformio/packages/framework-arduinoespressif8266/libraries/SD/src,/home/sergio/.platformio/packages/framework-arduinoespressif8266/libraries/SPI,/home/sergio/.platformio/packages/framework-arduinoespressif8266/libraries/SPISlave/src,/home/sergio/.platformio/packages/framework-arduinoespressif8266/libraries/Servo/src,/home/sergio/.platformio/packages/framework-arduinoespressif8266/libraries/SoftwareSerial,/home/sergio/.platformio/packages/framework-arduinoespressif8266/libraries/TFT_Touch_Shield_V2,/home/sergio/.platformio/packages/framework-arduinoespressif8266/libraries/Ticker,/home/sergio/.platformio/packages/framework-arduinoespressif8266/libraries/esp8266/src,/home/sergio/.platformio/packages/toolchain-xtensa/xtensa-lx106-elf/include,/home/sergio/.platformio/packages/toolchain-xtensa/xtensa-lx106-elf/include/c++/4.8.2,/home/sergio/.platformio/packages/toolchain-xtensa/xtensa-lx106-elf/include/c++/4.8.2/xtensa-lx106-elf,/home/sergio/.platformio/packages/toolchain-xtensa/lib/gcc/xtensa-lx106-elf/4.8.2/include-fixed,/home/sergio/.platformio/packages/toolchain-xtensa/lib/gcc/xtensa-lx106-elf/4.8.2/include,/home/sergio/.platformio/packages/tool-unity,/home/sergio/default/platformio,/home/sergio/Documents/PlatformIO/Projects/ESP_OnlyMAX30102/src",
  "gccSuppressWarnings": false
}
